"ID_OGGETTO";"CODICE_SCU";"NOME_SCUOL";"TELEFONO";"FAX";"SCUFRE";"GRADO";"CDTISC";"TIPOLOGIA";"TIPO_SERVI";"INDIRIZZO";"CHIAVE";"COLORE";"OMOGENEA";"QUARTIERE";"CIRCOSCRIZ";"TOOLTIP";"Latitudine";"Longitudine";
"00001";"00001";"6 MAGGIO";"045/953031";"";"SC030";"PRIMARIA";"TS030";"PRIMARIA";"PUBBLICO";"VIA MONS. LORENZO BELLOMI 1";"655-1";"";"S. Lucia - zona orig.";"S. LUCIA";"SUD-OVEST";"PRIMARIA\n6 MAGGIO";"45.4211792848937";"10.9522361275572";
"00002";"00002";"ALEARDI QUINTO";"045/5500041";"";"SC030";"PRIMARIA";"TS030";"PRIMARIA";"PUBBLICO";"VIA VAJO DELL'ANGUILLA 7";"9481-7";"";"Quinto - Centro";"QUINTO";"NORD-EST";"PRIMARIA\nALEARDI QUINTO";"45.4950330573701";"11.0175874988725";
"00003";"00003";"ARIOSTO";"045/504396";"";"SC030";"PRIMARIA";"TS030";"PRIMARIA";"PUBBLICO";"VIA IPPOGRIFO 2";"4196-2";"";"Tomba";"BORGO ROMA";"SUD";"PRIMARIA\nARIOSTO";"45.4034319467782";"10.982228396254";
"00004";"00004";"BARBARANI";"045/8100706";"";"SC030";"PRIMARIA";"TS030";"PRIMARIA";"PUBBLICO";"VIA DEL CARROCCIO 9";"1820-9";"";"S. Zeno";"S. ZENO";"CENTRO STORICO";"PRIMARIA\nBARBARANI";"45.4455016982022";"10.9763487266376";
"00005";"00005";"VILIO MARIANO";"045/8510412";"";"SC030";"PRIMARIA";"TS030";"PRIMARIA";"PUBBLICO";"VIA BASSONE 26";"599-26";"";"Basson";"S. MASSIMO";"OVEST";"PRIMARIA\nVILIO MARIANO";"45.453690322643";"10.899081445075";
"00006";"00006";"BETTELONI - MONTORIO";"045/557075";"";"SC030";"PRIMARIA";"TS030";"PRIMARIA";"PUBBLICO";"PIAZZALE BUCCARI 1";"1230-1";"";"Montorio - Centro";"MONTORIO";"NORD-EST";"PRIMARIA\nBETTELONI - MONTORIO";"45.4577281982092";"11.063520056702";
"00007";"00007";"BUSTI";"045/504991";"";"SC030";"PRIMARIA";"TS030";"PRIMARIA";"PUBBLICO";"VIA REDIPUGLIA 4";"6978-4";"";"Tomba";"BORGO ROMA";"SUD";"PRIMARIA\nBUSTI";"45.4115912907112";"10.986848344086";
"00008";"00008";"CALIARI - S. M. IN STELLE";"045/550080";"";"SC030";"PRIMARIA";"TS030";"PRIMARIA";"PUBBLICO";"VIA SEZANO 2";"8620-2";"";"S. Maria in Stelle - Centro";"S. MARIA IN STELLE";"NORD-EST";"PRIMARIA\nCALIARI - S. M. IN STELLE";"45.4955909539154";"11.0334106147059";
"00009";"00009";"CAMOZZINI";"045/563109";"";"SC030";"PRIMARIA";"TS030";"PRIMARIA";"PUBBLICO";"PIAZZA CHIEVO 1";"2207-1";"";"Chievo";"BORGO MILANO";"OVEST";"PRIMARIA\nCAMOZZINI";"45.4576908183739";"10.9468306486876";
"00010";"00010";"CARDUCCI";"045/525551";"";"SC030";"PRIMARIA";"TS030";"PRIMARIA";"PUBBLICO";"VIA C. BETTELONI 21";"767-21";"";"Borgo Venezia - Centro";"BORGO VENEZIA";"EST";"PRIMARIA\nCARDUCCI";"45.4430563732042";"11.0194425686052";
"00011";"00011";"CESARI";"045/540982";"";"SC030";"PRIMARIA";"TS030";"PRIMARIA";"PUBBLICO";"VIA COL. FASOLI 54";"3359-54";"";"Ca` di David - Centro";"CA' DI DAVID";"SUD";"PRIMARIA\nCESARI";"45.3824448838694";"11.0008196539831";
"00012";"00012";"DEI CILIEGI PRIM.";"045/950977";"";"SC030";"PRIMARIA";"TS030";"PRIMARIA";"PUBBLICO";"VIA BISENZIO 9";"851-9";"";"Golosine - Sud";"GOLOSINE";"SUD-OVEST";"PRIMARIA\nDEI CILIEGI PRIM.";"45.4152894534304";"10.9595086585321";
"00013";"00013";"COLLODI";"045/8904206";"";"SC030";"PRIMARIA";"TS030";"PRIMARIA";"PUBBLICO";"VIA MILONE 11";"5066-11";"";"Croce bianca";"S. MASSIMO";"OVEST";"PRIMARIA\nCOLLODI";"45.4454819590251";"10.9452521689486";
"00014";"00014";"DALL'OCA PRIM.";"045/563510";"";"SC030";"PRIMARIA";"TS030";"PRIMARIA";"PUBBLICO";"VIA SELINUNTE 70";"8563-70";"";"Borgo Nuovo";"BORGO MILANO";"OVEST";"PRIMARIA\nDALL'OCA PRIM.";"45.4502178177756";"10.953662041598";
"00015";"00015";"D'AZEGLIO";"045/8622679";"";"SC030";"PRIMARIA";"TS030";"PRIMARIA";"PUBBLICO";"VIA GASPARE DEL CARRETTO 7";"2939-7";"";"Golosine - Nord";"GOLOSINE";"SUD-OVEST";"PRIMARIA\nD'AZEGLIO";"45.4196840247506";"10.9722726416096";
"00016";"00016";"DE AMICIS";"045/583415";"";"SC030";"PRIMARIA";"TS030";"PRIMARIA";"PUBBLICO";"VIA TOMBETTA 108";"9208-108";"";"Tombetta";"BORGO ROMA";"SUD";"PRIMARIA\nDE AMICIS";"45.4180415894038";"10.9897809828577";
"00017";"00017";"DORIGO";"045/974370";"";"SC030";"PRIMARIA";"TS030";"PRIMARIA";"PUBBLICO";"VIA A. SALIERI 59A";"7327-59A";"";"S. Michele centro";"S. MICHELE";"SUD-EST";"PRIMARIA\nDORIGO";"45.4322088841817";"11.0439918765538";
"00018";"00018";"EUROPA UNITA";"045/8900176";"";"SC030";"PRIMARIA";"TS030";"PRIMARIA";"PUBBLICO";"VIA RODI 15";"7110-15";"";"S. Massimo - Centro";"S. MASSIMO";"OVEST";"PRIMARIA\nEUROPA UNITA";"45.4411398247865";"10.938931763307";
"00019";"00019";"FARINATA DEGLI UBERTI";"045/8345326";"";"SC030";"PRIMARIA";"TS030";"PRIMARIA";"PUBBLICO";"VIA FABBRICATO SCOLASTICO 8";"3299-8";"";"Quinzano - Centro";"QUINZANO";"NORD-OVEST";"PRIMARIA\nFARINATA DEGLI UBERTI";"45.4668406140474";"10.9747056520036";
"00020";"00020";"FORTI";"045/522132";"";"SC030";"PRIMARIA";"TS030";"PRIMARIA";"PUBBLICO";"VIA ANTONIO BADILE 99";"445-99";"";"Borgo Venezia - Centro";"BORGO VENEZIA";"EST";"PRIMARIA\nFORTI";"45.4414374540056";"11.0307905849915";
"00021";"00021";"FRACAZZOLE - LE RISORGIVE";"045/540230";"";"SC030";"PRIMARIA";"TS030";"PRIMARIA";"PUBBLICO";"VIA FRACAZZOLE 1";"3732-1";"";"Ca` di David - Centro";"CA' DI DAVID";"SUD";"PRIMARIA\nFRACAZZOLE - LE RISORGIVE";"45.3766120198914";"10.987674377946";
"00022";"00022";"FRACCAROLI";"045/916631";"";"SC030";"PRIMARIA";"TS030";"PRIMARIA";"PUBBLICO";"VIA CESIOLO 5";"2154-5";"";"Cesiolo";"BORGO TRENTO";"NORD-OVEST";"PRIMARIA\nFRACCAROLI";"45.4526736398872";"10.987772256499";
"00023";"00023";"FRATTINI";"045/953030";"";"SC030";"PRIMARIA";"TS030";"PRIMARIA";"PUBBLICO";"VIA MONZAMBANO 11";"5432-11";"";"S. Lucia - zona orig.";"S. LUCIA";"SUD-OVEST";"PRIMARIA\nFRATTINI";"45.4176695540492";"10.9552896560941";
"00024";"00024";"GIULIARI";"045/508735";"";"SC030";"PRIMARIA";"TS030";"PRIMARIA";"PUBBLICO";"VIA B. GIULIARI 30A";"4065-30A";"";"I^ Maggio";"BORGO ROMA";"SUD";"PRIMARIA\nGIULIARI";"45.4101664971928";"10.9940060271768";
"00025";"00025";"GUARINO DA VERONA";"045/526583";"";"SC030";"PRIMARIA";"TS030";"PRIMARIA";"PUBBLICO";"VIA S. FELICE EXTRA 15";"7611-15";"";"S. Croce";"BORGO VENEZIA";"EST";"PRIMARIA\nGUARINO DA VERONA";"45.4475391412025";"11.0261691746805";
"00026";"00026";"LENOTTI";"045/582869";"";"SC030";"PRIMARIA";"TS030";"PRIMARIA";"PUBBLICO";"VIA BACCHIGLIONE 8";"425-8";"";"Golosine - Sud";"GOLOSINE";"SUD-OVEST";"PRIMARIA\nLENOTTI";"45.4161312733308";"10.9665954642188";
"00027";"00027";"MAGGI";"045/528122";"";"SC030";"PRIMARIA";"TS030";"PRIMARIA";"PUBBLICO";"VIA G. MARCONCINI 18";"4723-18";"";"Porto S. Pancrazio - Centro";"PORTO S. PANCRAZIO";"SUD-EST";"PRIMARIA\nMAGGI";"45.433063296504";"11.0174876124083";
"00028";"00028";"MANZONI";"045/521329";"";"SC030";"PRIMARIA";"TS030";"PRIMARIA";"PUBBLICO";"VIA M. ALBERTINI 2";"155-2";"";"Borgo Trieste";"BORGO VENEZIA";"EST";"PRIMARIA\nMANZONI";"45.4385437243317";"11.0326851530355";
"00029";"00029";"MASSALONGO";"045/595678";"";"SC030";"PRIMARIA";"TS030";"PRIMARIA";"PUBBLICO";"VIA DELL'ARTIGLIERE 14";"349-14";"";"S. Paolo";"VERONETTA";"CENTRO STORICO";"PRIMARIA\nMASSALONGO";"45.4374743919711";"11.0040894704307";
"00030";"00030";"DON MERCANTE";"045/972978";"";"SC030";"PRIMARIA";"TS030";"PRIMARIA";"PUBBLICO";"VIA DOLOMITI 59";"3110-59";"";"Madonna di campagna";"S. MICHELE";"SUD-EST";"PRIMARIA\nDON MERCANTE";"45.4282248158473";"11.0582964889836";
"00031";"00031";"MESSEDAGLIA";"045/8007420";"";"SC030";"PRIMARIA";"TS030";"PRIMARIA";"PUBBLICO";"STRADONE A. PROVOLO 53";"6818-53";"";"S. Bernardino";"S. ZENO";"CENTRO STORICO";"PRIMARIA\nMESSEDAGLIA";"45.4385848837489";"10.9828956158619";
"00032";"00032";"MIZZOLE";"045/557132";"";"SC030";"PRIMARIA";"TS030";"PRIMARIA";"PUBBLICO";"VIA DANIELI 19A";"2760-19A";"";"Mizzole - Centro";"MIZZOLE";"NORD-EST";"PRIMARIA\nMIZZOLE";"45.4783878651849";"11.0588087125655";
"00033";"00033";"MONS. CHIOT";"045/567915";"";"SC030";"PRIMARIA";"TS030";"PRIMARIA";"PUBBLICO";"VIA A. DI CAMBIO 17";"3033-17";"";"Stadio";"BORGO MILANO";"OVEST";"PRIMARIA\nMONS. CHIOT";"45.43238770985";"10.9685241767334";
"00034";"00034";"NIEVO";"045/8348902";"";"SC030";"PRIMARIA";"TS030";"PRIMARIA";"PUBBLICO";"VIA IPPOLITO NIEVO 1B";"5685-1B";"";"Valdonega";"VALDONEGA";"NORD-OVEST";"PRIMARIA\nNIEVO";"45.4508859629811";"10.9973964470674";
"00035";"00035";"NOGAROLA";"045/596548";"";"SC030";"PRIMARIA";"TS030";"PRIMARIA";"PUBBLICO";"VIA DIETRO S. EUFEMIA 12";"7576-12";"";"Citta` Antica";"CITTA' ANTICA";"CENTRO STORICO";"PRIMARIA\nNOGAROLA";"45.4437679568692";"10.9934043954616";
"00036";"00036";"MERIGHI - NOVAGLIE";"045/525798";"";"SC030";"PRIMARIA";"TS030";"PRIMARIA";"PUBBLICO";"VIA DELLA CHIESA 2";"2195-2";"";"Novaglie";"S. MARIA IN STELLE";"NORD-EST";"PRIMARIA\nMERIGHI - NOVAGLIE";"45.4758963077802";"11.0385010580079";
"00037";"00037";"PALAZZINA - L. MILANI";"045/8230005";"";"SC030";"PRIMARIA";"TS030";"PRIMARIA";"PUBBLICO";"VIA COPPARO 15";"2491-15";"";"Palazzina";"BORGO ROMA";"SUD";"PRIMARIA\nPALAZZINA - L. MILANI";"45.4025539201359";"11.0137598095214";
"00038";"00038";"PERTINI";"045/562340";"";"SC030";"PRIMARIA";"TS030";"PRIMARIA";"PUBBLICO";"VIA R. FRANCHETTI 17";"3768-17";"";"S. Procolo";"BORGO MILANO";"OVEST";"PRIMARIA\nPERTINI";"45.4489556969092";"10.9690381274221";
"00039";"00039";"PISANO AVESA";"045/8340090";"";"SC030";"PRIMARIA";"TS030";"PRIMARIA";"PUBBLICO";"VIA LUNGOLORI' 1";"4519-1";"";"Avesa - Centro";"AVESA";"NORD-OVEST";"PRIMARIA\nPISANO AVESA";"45.4699361572745";"10.9898491128005";
"00040";"00040";"PASCOLI (POIANO)";"045/8700503";"";"SC030";"PRIMARIA";"TS030";"PRIMARIA";"PUBBLICO";"PIAZZA PENNE MOZZE 2";"6135-2";"";"Poiano";"QUINTO";"NORD-EST";"PRIMARIA\nPASCOLI (POIANO)";"45.4706215336871";"11.0175050784352";
"00041";"00041";"PROVOLO";"045/8349055";"";"SC030";"PRIMARIA";"TS030";"PRIMARIA";"PUBBLICO";"VIA G.C. CAMOZZINI 5";"1437-5";"";"Arsenale";"BORGO TRENTO";"NORD-OVEST";"PRIMARIA\nPROVOLO";"45.4470465305759";"10.985933786586";
"00042";"00042";"RODARI";"045/528986";"";"SC030";"PRIMARIA";"TS030";"PRIMARIA";"PUBBLICO";"VIA CARLO CIPOLLA 60";"2285-60";"";"Fincato";"BORGO VENEZIA";"EST";"PRIMARIA\nRODARI";"45.4468388457525";"11.0177764370448";
"00043";"00043";"ROMAGNOLI";"045/8903551";"";"SC030";"PRIMARIA";"TS030";"PRIMARIA";"PUBBLICO";"PIAZZA RISORGIMENTO 15";"7066-15";"";"S. Massimo - Centro";"S. MASSIMO";"OVEST";"PRIMARIA\nROMAGNOLI";"45.4391642043871";"10.946548861452";
"00044";"00044";"ROSANI";"045/8340224";"";"SC030";"PRIMARIA";"TS030";"PRIMARIA";"PUBBLICO";"VIA SANTINI 74";"8270-74";"";"Ponte Crencano - Est";"PONTE CRENCANO";"NORD-OVEST";"PRIMARIA\nROSANI";"45.4617769909211";"10.9811271604615";
"00045";"00045";"RUBELE";"045/8001293";"";"SC030";"PRIMARIA";"TS030";"PRIMARIA";"PUBBLICO";"VIA INTERRATO ACQUA MORTA 68";"35-68";"";"Veronetta - centro";"VERONETTA";"CENTRO STORICO";"PRIMARIA\nRUBELE";"45.4445814101586";"11.0040283874723";
"00047";"00047";"SALGARI";"045/953985";"";"SC030";"PRIMARIA";"TS030";"PRIMARIA";"PUBBLICO";"VIA MANTOVANA 144";"4687-144";"";"Quadrante Nord-Est";"S. LUCIA";"SUD-OVEST";"PRIMARIA\nSALGARI";"45.4063563542212";"10.9288599764571";
"00049";"00049";"SEGALA";"045/8002628";"";"SC030";"PRIMARIA";"TS030";"PRIMARIA";"PUBBLICO";"VIA P. FRATTINI 7";"3798-7";"";"Citta` Antica";"CITTA' ANTICA";"CENTRO STORICO";"PRIMARIA\nSEGALA";"45.4396332464535";"10.995895727976";
"00050";"00050";"SIMONI (MAD.DI CAMPAGNA)";"045/974103";"";"SC030";"PRIMARIA";"TS030";"PRIMARIA";"PUBBLICO";"PIAZZA MADONNA DI CAMPAGNA 1";"4561-1";"";"Madonna di campagna";"S. MICHELE";"SUD-EST";"PRIMARIA\nSIMONI (MAD.DI CAMPAGNA)";"45.4306897121362";"11.0499752481638";
"00051";"00051";"SOLINAS";"045/568766";"";"SC030";"PRIMARIA";"TS030";"PRIMARIA";"PUBBLICO";"VIA U. MADDALENA 27";"4547-27";"";"S. Procolo";"BORGO MILANO";"OVEST";"PRIMARIA\nSOLINAS";"45.4508260390691";"10.9653908641397";
"00052";"00052";"UBERTI";"045/562085";"";"SC030";"PRIMARIA";"TS030";"PRIMARIA";"PUBBLICO";"PIAZZA MARINAI D'ITALIA 1";"4700-1";"";"Borgo Milano - Centro";"BORGO MILANO";"OVEST";"PRIMARIA\nUBERTI";"45.4426337037164";"10.9649845325812";
"00053";"00053";"VIVALDI";"045/8100706";"";"SC030";"PRIMARIA";"TS030";"PRIMARIA";"PUBBLICO";"VIA POLICARPO SCARABELLO 18";"8406-18";"";"Spiana`";"BORGO MILANO";"OVEST";"PRIMARIA\nVIVALDI";"45.4391655901571";"10.9671752259534";
"00054";"00054";"ZORZI";"045/941085";"";"SC030";"PRIMARIA";"TS030";"PRIMARIA";"PUBBLICO";"LARGO STAZIONE VECCHIA 16A";"8941-16A";"";"Parona";"PARONA";"NORD-OVEST";"PRIMARIA\nZORZI";"45.4792325358423";"10.9472300005663";
"00055";"00055";"ALESSANDRI";"045-941928";"045-941928";"SC020";"INFANZIA";"TS020";"INFANZIA COMUNALE";"PUBBLICO";"LUNGADIGE ATTIRAGLIO 48";"386-48";"blu";"Saval di Parona";"PARONA";"NORD-OVEST";"INFANZIA\nALESSANDRI";"45.4603320645095";"10.9517635712067";
"00057";"00057";"AVESA";"045-8345003";"045-8345003";"SC020";"INFANZIA";"TS020";"INFANZIA COMUNALE";"PUBBLICO";"VIA PREMUDA 1";"6794-1";"giallo";"Avesa - Centro";"AVESA";"NORD-OVEST";"INFANZIA\nAVESA";"45.4706180266986";"10.989712688406";
"00058";"00058";"BACCHIGLIONE";"045-508526";"045-508526";"SC020";"INFANZIA";"TS020";"INFANZIA COMUNALE";"PUBBLICO";"VIA BACCHIGLIONE 10";"425-10";"blu";"Golosine - Sud";"GOLOSINE";"SUD-OVEST";"INFANZIA\nBACCHIGLIONE";"45.4164384540038";"10.9665710832812";
"00059";"00059";"BADILE";"045-522919";"045-522919";"SC020";"INFANZIA";"TS020";"INFANZIA COMUNALE";"PUBBLICO";"VIA ANTONIO BADILE 101";"445-101";"blu";"Borgo Venezia - Centro";"BORGO VENEZIA";"EST";"INFANZIA\nBADILE";"45.4414575237407";"11.0313879158552";
"00060";"00060";"BARBARANI";"045-8006440";"045-8006440";"SC020";"INFANZIA";"TS020";"INFANZIA COMUNALE";"PUBBLICO";"VIA RE PIPINO 1";"7002-1";"blu";"S. Zeno";"S. ZENO";"CENTRO STORICO";"INFANZIA\nBARBARANI";"45.4455691286721";"10.9758122268864";
"00061";"00061";"RODARI (BASSONA)";"";"";"SC020";"INFANZIA";"TS025";"INFANZIA STATALE";"PUBBLICO";"VIA BASSONE 169";"599-169";"";"Basson";"S. MASSIMO";"OVEST";"INFANZIA\nRODARI (BASSONA)";"45.4516273910181";"10.8995432367078";
"00062";"00062";"BENEDETTI";"045-505255";"045-505255";"SC020";"INFANZIA";"TS020";"INFANZIA COMUNALE";"PUBBLICO";"VIA PASQUALINO BENEDETTI 26A";"700-26A";"rosso";"Tomba";"BORGO ROMA";"SUD";"INFANZIA\nBENEDETTI";"45.4040674567984";"10.9862605917824";
"00063";"00063";"BENTEGODI";"045-8004819";"045-8004819";"SC020";"INFANZIA";"TS020";"INFANZIA COMUNALE";"PUBBLICO";"VIA DON G. BERTONI 8";"759-8";"verde";"Pontiere";"CITTADELLA";"CENTRO STORICO";"INFANZIA\nBENTEGODI";"45.4338269208749";"10.9936982620516";
"00064";"00064";"BERNINI BURI";"";"";"SC020";"INFANZIA";"TS025";"INFANZIA STATALE";"PUBBLICO";"VIA SOLFERINO 27";"8739-27";"";"Madonna di campagna";"S. MICHELE";"SUD-EST";"INFANZIA\nBERNINI BURI";"45.4289639449298";"11.0482493066868";
"00066";"00066";"BOTTAGISIO";"045-562026";"045-562026";"SC020";"INFANZIA";"TS020";"INFANZIA COMUNALE";"PUBBLICO";"VIA GEN. CHINOTTO 16A";"2213-16A";"rosso";"Borgo Milano - Centro";"BORGO MILANO";"OVEST";"INFANZIA\nBOTTAGISIO";"45.4456338773898";"10.9660104880781";
"00067";"00067";"CARSO";"045-915968";"045-915968";"SC020";"INFANZIA";"TS020";"INFANZIA COMUNALE";"PUBBLICO";"VIA CARSO 11";"1823-11";"blu";"Ponte Crencano - Est";"PONTE CRENCANO";"NORD-OVEST";"INFANZIA\nCARSO";"45.4597877525343";"10.9860136594199";
"00068";"00068";"GABBIANO - P.TE CATENA";"";"";"SC020";"INFANZIA";"TS025";"INFANZIA STATALE";"PUBBLICO";"VIA F. MOROSINI 3";"5495-3";"";"Navigatori";"BORGO MILANO";"OVEST";"INFANZIA\nGABBIANO - P.TE CATENA";"45.4529189682483";"10.9786315561573";
"00069";"00069";"DEI CILIEGI INF.";"";"";"SC020";"INFANZIA";"TS025";"INFANZIA STATALE";"PUBBLICO";"VIA BISENZIO 11";"851-11";"";"Golosine - Sud";"GOLOSINE";"SUD-OVEST";"INFANZIA\nDEI CILIEGI INF.";"45.4155648415962";"10.9590041982443";
"00070";"00070";"CONTRADA POLESE";"";"";"SC020";"INFANZIA";"TS025";"INFANZIA STATALE";"PUBBLICO";"SALITA S. LUCIA 19";"7866-19";"";"S. Lucia - zona orig.";"S. LUCIA";"SUD-OVEST";"INFANZIA\nCONTRADA POLESE";"45.4219010623233";"10.9610816538285";
"00071";"00071";"CROCE BIANCA - MAGNOLIA";"";"";"SC020";"INFANZIA";"TS025";"INFANZIA STATALE";"PUBBLICO";"VIA SANT'EUPREPIO 4";"7580-4";"";"S. Massimo - Centro";"S. MASSIMO";"OVEST";"INFANZIA\nCROCE BIANCA - MAGNOLIA";"45.4432036897595";"10.9442684596485";
"00072";"00072";"DALL'OCA BIANCA";"045-562840";"045-562840";"SC020";"INFANZIA";"TS020";"INFANZIA COMUNALE";"PUBBLICO";"VIA GELA 21";"3946-21";"verde";"Borgo Nuovo";"BORGO MILANO";"OVEST";"INFANZIA\nDALL'OCA BIANCA";"45.4497149126589";"10.9576260235073";
"00073";"00073";"DI CAMBIO";"045-567918";"045-567918";"SC020";"INFANZIA";"TS020";"INFANZIA COMUNALE";"PUBBLICO";"VIA A. DI CAMBIO 11";"3033-11";"blu";"Stadio";"BORGO MILANO";"OVEST";"INFANZIA\nDI CAMBIO";"45.4328113127081";"10.9699808425717";
"00074";"00074";"FONTANA DEL FERRO";"045-8000942";"045-8000942";"SC020";"INFANZIA";"TS020";"INFANZIA COMUNALE";"PUBBLICO";"VIA FONTANA DEL FERRO 15";"3601-15";"giallo";"S. Giovanni in Valle";"VERONETTA";"CENTRO STORICO";"INFANZIA\nFONTANA DEL FERRO";"45.4492740154665";"11.0065015704893";
"00075";"00075";"L'AQUILONE . F.TE PROCOLO";"";"";"SC020";"INFANZIA";"TS025";"INFANZIA STATALE";"PUBBLICO";"VIA ANGELO EMO 66";"3248-66";"";"S. Procolo";"BORGO MILANO";"OVEST";"INFANZIA\nL'AQUILONE . F.TE PROCOLO";"45.4515380103259";"10.9691331170242";
"00076";"00076";"G. DAI LIBRI";"045-532491";"045-532491";"SC020";"INFANZIA";"TS020";"INFANZIA COMUNALE";"PUBBLICO";"VIA G. DAI LIBRI 5";"2688-5";"verde";"Borgo Venezia - Centro";"BORGO VENEZIA";"EST";"INFANZIA\nG. DAI LIBRI";"45.4411460484004";"11.017722159621";
"00077";"00077";"GARBINI";"045-8007167";"045-8007167";"SC020";"INFANZIA";"TS020";"INFANZIA COMUNALE";"PUBBLICO";"PIAZZETTA S. MARIA IN ORGANO 1";"7932-1";"verde";"Veronetta - centro";"VERONETTA";"CENTRO STORICO";"INFANZIA\nGARBINI";"45.4444983650083";"11.0042418033124";
"00078";"00078";"MANIN - GENOVESA";"";"";"SC020";"INFANZIA";"TS025";"INFANZIA STATALE";"PUBBLICO";"VIA GIOVE 5";"4056-5";"";"Genovesa - Gelmetto";"BORGO ROMA";"SUD";"INFANZIA\nMANIN - GENOVESA";"45.3893574724106";"10.9723794575811";
"00079";"00079";"PRIMO MAGGIO";"045-583213";"045-583213";"SC020";"INFANZIA";"TS020";"INFANZIA COMUNALE";"PUBBLICO";"VIA DI TEODOLINDA 1";"9090-1";"giallo";"Polidore";"BORGO ROMA";"SUD";"INFANZIA\nPRIMO MAGGIO";"45.4061735879033";"10.9979663642804";
"00080";"00080";"LA MONGOLFIERA - DOSSOBUONO";"";"";"SC020";"INFANZIA";"TS025";"INFANZIA STATALE";"PUBBLICO";"VIA MANTOVANA 144";"4687-144";"";"Quadrante Nord-Est";"S. LUCIA";"SUD-OVEST";"INFANZIA\nLA MONGOLFIERA - DOSSOBUONO";"45.4063563542212";"10.9288599764571";
"00083";"00083";"AGAZZI - MIZZOLE";"";"";"SC020";"INFANZIA";"TS025";"INFANZIA STATALE";"PUBBLICO";"VIA E. NICOLINI 4";"5674-4";"";"Mizzole - Centro";"MIZZOLE";"NORD-EST";"INFANZIA\nAGAZZI - MIZZOLE";"45.477404224736";"11.0595575673058";
"00084";"00084";"MONTE TESORO";"045-972493";"045-972493";"SC020";"INFANZIA";"TS020";"INFANZIA COMUNALE";"PUBBLICO";"VIA MONTE TESORO 24";"5383-24";"verde";"Frugose";"S. MICHELE";"SUD-EST";"INFANZIA\nMONTE TESORO";"45.4357448749357";"11.0511182006609";
"00085";"00085";"MONTESSORI";"045-521327";"045-521327";"SC020";"INFANZIA";"TS020";"INFANZIA COMUNALE";"PUBBLICO";"VIA P. BONALINO 1";"922-1";"giallo";"Borgo Trieste";"BORGO VENEZIA";"EST";"INFANZIA\nMONTESSORI";"45.4388480316966";"11.0315959067826";
"00086";"00086";"MONTE D'ORO - MONTORIO";"";"";"SC020";"INFANZIA";"TS025";"INFANZIA STATALE";"PUBBLICO";"VIA DEI CEDRI 4";"2094-4";"";"Montorio - Centro";"MONTORIO";"NORD-EST";"INFANZIA\nMONTE D'ORO - MONTORIO";"45.4591397033744";"11.063034618218";
"00087";"00087";"ORTI DI SPAGNA";"045-596650";"045-596650";"SC020";"INFANZIA";"TS020";"INFANZIA COMUNALE";"PUBBLICO";"VIA LEGA VERONESE 8A";"4322-8A";"giallo";"S. Zeno";"S. ZENO";"CENTRO STORICO";"INFANZIA\nORTI DI SPAGNA";"45.4450312965679";"10.975521720922";
"00088";"00088";"P. DELLA VALLE -  DEL CARRETTO";"045-505305";"045-505305";"SC020";"INFANZIA";"TS020";"INFANZIA COMUNALE";"PUBBLICO";"VIA GASPARE DEL CARRETTO 7A";"2939-7A";"giallo";"Golosine - Nord";"GOLOSINE";"SUD-OVEST";"INFANZIA\nP. DELLA VALLE -  DEL CARRETTO";"45.4197120068682";"10.971790419281";
"00089";"00089";"PASCOLI (via PIRANDELLO)";"";"";"SC020";"INFANZIA";"TS025";"INFANZIA STATALE";"PUBBLICO";"VIA LUIGI PIRANDELLO 20";"6304-20";"";"Spiana`";"BORGO MILANO";"OVEST";"INFANZIA\nPASCOLI (via PIRANDELLO)";"45.4390390595259";"10.9680428200281";
"00090";"00090";"PESTRINO";"045-504127";"045-504127";"SC020";"INFANZIA";"TS020";"INFANZIA COMUNALE";"PUBBLICO";"VIA DEL PESTRINO 6";"6202-6";"blu";"Pestrino";"BORGO ROMA";"SUD";"INFANZIA\nPESTRINO";"45.4150807226752";"10.9993267009032";
"00091";"00091";"POIANO";"045-550933";"045-550933";"SC020";"INFANZIA";"TS020";"INFANZIA COMUNALE";"PUBBLICO";"PIAZZA PENNE MOZZE 3";"6135-3";"blu";"Poiano";"QUINTO";"NORD-EST";"INFANZIA\nPOIANO";"45.4704106102809";"11.0167054531837";
"00092";"00092";"PRETO";"";"";"SC020";"INFANZIA";"TS025";"INFANZIA STATALE";"PUBBLICO";"VIA PORTO S. PANCRAZIO 85";"6692-85";"";"Porto S. Pancrazio - Centro";"PORTO S. PANCRAZIO";"SUD-EST";"INFANZIA\nPRETO";"45.4319558689242";"11.0204284086881";
"00093";"00093";"PRINA";"045-500595";"045-500595";"SC020";"INFANZIA";"TS020";"INFANZIA COMUNALE";"PUBBLICO";"VIA LUIGI PRINA 10";"6806-10";"verde";"Golosine - Nord";"GOLOSINE";"SUD-OVEST";"INFANZIA\nPRINA";"45.4205197759617";"10.9663670932792";
"00094";"00094";"S. CROCE";"045-523261";"045-523261";"SC020";"INFANZIA";"TS020";"INFANZIA COMUNALE";"PUBBLICO";"VIA TURANDOT 4A";"9418-4A";"verde";"S. Croce";"BORGO VENEZIA";"EST";"INFANZIA\nS. CROCE";"45.4513022462481";"11.0312256231871";
"00096";"00096";"SOLE E LUNA - S. PANCRAZIO";"";"";"SC020";"INFANZIA";"TS025";"INFANZIA STATALE";"PUBBLICO";"VIA G. DOMASCHI 72";"3116-72";"";"Porto S. Pancrazio - Centro";"PORTO S. PANCRAZIO";"SUD-EST";"INFANZIA\nSOLE E LUNA - S. PANCRAZIO";"45.4328155009226";"11.0123654148528";
"00097";"00097";"S. ZENO - FOA'";"045-8007141";"045-8007141";"SC020";"INFANZIA";"TS020";"INFANZIA COMUNALE";"PUBBLICO";"VICOLO S. BERNARDINO 10";"7436-10";"rosso";"S. Bernardino";"S. ZENO";"CENTRO STORICO";"INFANZIA\nS. ZENO - FOA'";"45.4380244420154";"10.9828014956982";
"00099";"00099";"SANSOVINO - J. TATTI";"";"";"SC020";"INFANZIA";"TS025";"INFANZIA STATALE";"PUBBLICO";"VIA G. CAMUZZONI 47";"1569-47";"";"Stadio";"BORGO MILANO";"OVEST";"INFANZIA\nSANSOVINO - J. TATTI";"45.4379316895623";"10.9744002698873";
"00100";"00100";"VILLA ARE";"045-8345873";"045-8345873";"SC020";"INFANZIA";"TS020";"INFANZIA COMUNALE";"PUBBLICO";"VIA TORRICELLE 6";"9286-6";"rosso";"S. Mattia";"VALDONEGA";"NORD-OVEST";"INFANZIA\nVILLA ARE";"45.462916194409";"11.007418415104";
"00101";"00101";"VILLA COLOMBARE";"045-8344604";"045-8344604";"SC020";"INFANZIA";"TS020";"INFANZIA COMUNALE";"PUBBLICO";"VIA CASTELLO S. FELICE 6";"1935-6";"verde";"Valdonega";"VALDONEGA";"NORD-OVEST";"INFANZIA\nVILLA COLOMBARE";"45.4540451023878";"11.0053102848982";
"00102";"00102";"VILLA COZZA";"045-533066";"045-533066";"SC020";"INFANZIA";"TS020";"INFANZIA COMUNALE";"PUBBLICO";"VIA A. PONCHIELLI 14";"6453-14";"giallo";"Fincato";"BORGO VENEZIA";"EST";"INFANZIA\nVILLA COZZA";"45.4491816797485";"11.0220917103542";
"00103";"00103";"ARCOBALENO - VILLA MONGA";"";"";"SC020";"INFANZIA";"TS025";"INFANZIA STATALE";"PUBBLICO";"VIA ELEONORA DUSE 15";"3228-15";"";"Ponte Crencano - Ovest";"PONTE CRENCANO";"NORD-OVEST";"INFANZIA\nARCOBALENO - VILLA MONGA";"45.4590847659386";"10.9720674854735";
"00104";"00104";"VINCENTI";"045-525164";"045-525164";"SC020";"INFANZIA";"TS020";"INFANZIA COMUNALE";"PUBBLICO";"VIA LUIGI LUZZATTI 2";"4531-2";"blu";"Biondella";"BORGO VENEZIA";"EST";"INFANZIA\nVINCENTI";"45.4425198858995";"11.015316505551";
"00105";"00105";"A. MANZONI";"045/950811";"";"SC040";"SEC. I GRADO";"TS040";"SEC. I GRADO";"PUBBLICO";"VIA VELINO 20";"9577-20";"";"Golosine - Sud";"GOLOSINE";"SUD-OVEST";"SEC. I GRADO\nA. MANZONI";"45.4179139913836";"10.9590205617476";
"00106";"00106";"A. PACINOTTI";"045/573934";"";"SC040";"SEC. I GRADO";"TS040";"SEC. I GRADO";"PUBBLICO";"VIA G. FATTORI 13";"3365-13";"";"Porta Nuova";"BORGO MILANO";"OVEST";"SEC. I GRADO\nA. PACINOTTI";"45.4301751694164";"10.9731957685806";
"00107";"00107";"BATTISTI";"045/8342872";"";"SC040";"SEC. I GRADO";"TS040";"SEC. I GRADO";"PUBBLICO";"VIA L. MERCANTINI 20";"4972-20";"";"Ponte Crencano - Est";"PONTE CRENCANO";"NORD-OVEST";"SEC. I GRADO\nBATTISTI";"45.4620755756035";"10.978561258975";
"00108";"00108";"CAPERLE";"045/550083";"";"SC040";"SEC. I GRADO";"TS040";"SEC. I GRADO";"PUBBLICO";"PIAZZA R. LAMBRANZI 1";"4256-1";"";"Marzana";"QUINTO";"NORD-EST";"SEC. I GRADO\nCAPERLE";"45.4999150503202";"11.0164510931878";
"00109";"00109";"CATULLO";"045/912172";"";"SC040";"SEC. I GRADO";"TS040";"SEC. I GRADO";"PUBBLICO";"VIA BRECCIA S. GIORGIO 1";"1088-1";"";"S. Stefano";"VERONETTA";"CENTRO STORICO";"SEC. I GRADO\nCATULLO";"45.449566368462";"10.9968422976018";
"00110";"00110";"D. ALIGHIERI";"045/8031237";"";"SC040";"SEC. I GRADO";"TS040";"SEC. I GRADO";"PUBBLICO";"VIA PORTA CATENA 4";"6580-4";"";"Navigatori";"BORGO MILANO";"OVEST";"SEC. I GRADO\nD. ALIGHIERI";"45.4475029887406";"10.9806517385448";
"00111";"00111";"DON MILANI";"045/8900628";"";"SC040";"SEC. I GRADO";"TS040";"SEC. I GRADO";"PUBBLICO";"VIA REGINALDO POLE 3";"6373-3";"";"S. Massimo - Centro";"S. MASSIMO";"OVEST";"SEC. I GRADO\nDON MILANI";"45.4410402831597";"10.9458691003149";
"00112";"00112";"DUCA D'AOSTA";"045/8002922";"";"SC040";"SEC. I GRADO";"TS040";"SEC. I GRADO";"PUBBLICO";"VIA GAETANO TREZZA 13";"9374-13";"";"Veronetta - centro";"VERONETTA";"CENTRO STORICO";"SEC. I GRADO\nDUCA D'AOSTA";"45.4406740768002";"11.0053838296539";
"00114";"00114";"E. SALGARI";"045/540982";"";"SC040";"SEC. I GRADO";"TS040";"SEC. I GRADO";"PUBBLICO";"VIA D. TURAZZA 12";"9421-12";"";"Ca` di David - Centro";"CA' DI DAVID";"SUD";"SEC. I GRADO\nE. SALGARI";"45.3842425480038";"10.9981615971657";
"00115";"00115";"FEDELI";"045/562037";"";"SC040";"SEC. I GRADO";"TS040";"SEC. I GRADO";"PUBBLICO";"VIA ABRUZZO 26";"15-26";"";"Borgo Milano - Centro";"BORGO MILANO";"OVEST";"SEC. I GRADO\nFEDELI";"45.4426275996272";"10.9642105441648";
"00116";"00116";"FINCATO ROSANI";"045/8400277";"";"SC040";"SEC. I GRADO";"TS040";"SEC. I GRADO";"PUBBLICO";"VIA ANTONIO BADILE 95";"445-95";"";"Borgo Venezia - Centro";"BORGO VENEZIA";"EST";"SEC. I GRADO\nFINCATO ROSANI";"45.4413838004179";"11.0297631973732";
"00117";"00117";"GIOVANNI XXIII";"045/974121";"";"SC040";"SEC. I GRADO";"TS040";"SEC. I GRADO";"PUBBLICO";"VIA MONTE BIANCO 14";"5239-14";"";"Madonna di campagna";"S. MICHELE";"SUD-EST";"SEC. I GRADO\nGIOVANNI XXIII";"45.4280262262401";"11.0537043609117";
"00118";"00118";"L.FAVA";"045/534571";"";"SC040";"SEC. I GRADO";"TS040";"SEC. I GRADO";"PUBBLICO";"VIA G. MARCONCINI 3";"4723-3";"";"Porto S. Pancrazio - Centro";"PORTO S. PANCRAZIO";"SUD-EST";"SEC. I GRADO\nL.FAVA";"45.4328682530727";"11.0182431559132";
"00119";"00119";"M. MAZZA";"045/501349";"";"SC040";"SEC. I GRADO";"TS040";"SEC. I GRADO";"PUBBLICO";"VIA UDINE 2";"9439-2";"";"Tomba";"BORGO ROMA";"SUD";"SEC. I GRADO\nM. MAZZA";"45.4110222059488";"10.9867052341908";
"00120";"00120";"M.L.KING";"045/973848";"";"SC040";"SEC. I GRADO";"TS040";"SEC. I GRADO";"PUBBLICO";"VIA G.  BELLUZZO 4";"664-4";"";"Frugose";"S. MICHELE";"SUD-EST";"SEC. I GRADO\nM.L.KING";"45.433905760993";"11.0469377428796";
"00121";"00121";"P.CALIARI";"045/595959";"";"SC040";"SEC. I GRADO";"TS040";"SEC. I GRADO";"PUBBLICO";"VIA DIETRO S. EUFEMIA 14";"7576-14";"";"Citta` Antica";"CITTA' ANTICA";"CENTRO STORICO";"SEC. I GRADO\nP.CALIARI";"45.4442051268044";"10.993688832919";
"00122";"00122";"S.LUCIA";"045/953435";"";"SC040";"SEC. I GRADO";"TS040";"SEC. I GRADO";"PUBBLICO";"VIA MONS. LORENZO BELLOMI 5";"655-5";"";"S. Lucia - zona orig.";"S. LUCIA";"SUD-OVEST";"SEC. I GRADO\nS.LUCIA";"45.4208622121301";"10.951440987718";
"00123";"00123";"SIMEONI MONTORIO";"045/8840944";"";"SC040";"SEC. I GRADO";"TS040";"SEC. I GRADO";"PUBBLICO";"VIA DEI GELSI 20";"3956-20";"";"Montorio - Centro";"MONTORIO";"NORD-EST";"SEC. I GRADO\nSIMEONI MONTORIO";"45.460181455771";"11.0618405035979";
"00124";"00124";"V. BETTELONI";"045/8031262";"";"SC040";"SEC. I GRADO";"TS040";"SEC. I GRADO";"PUBBLICO";"CIRCONVALLAZIONE ALFREDO ORIANI 4";"5797-4";"";"Valverde";"CITTADELLA";"CENTRO STORICO";"SEC. I GRADO\nV. BETTELONI";"45.43212820857";"10.9860805154679";
"00125";"00125";"V. FAINELLI";"045/565602";"";"SC040";"SEC. I GRADO";"TS040";"SEC. I GRADO";"PUBBLICO";"VIA PUGLIE 7E";"6827-7E";"";"Chievo";"BORGO MILANO";"OVEST";"SEC. I GRADO\nV. FAINELLI";"45.4555481594895";"10.9499665599802";
"00126";"00126";"VERDI";"045/529270";"";"SC040";"SEC. I GRADO";"TS040";"SEC. I GRADO";"PUBBLICO";"VIA F. CILEA 2";"2267-2";"";"Fincato";"BORGO VENEZIA";"EST";"SEC. I GRADO\nVERDI";"45.4502878760264";"11.0210963987908";
"00127";"00127";"SAN FELICE - BRUCO FELICE";"045-532724";"";"SC010";"NIDO";"TS010";"NIDO";"PUBBLICO";"VIA BELVEDERE 123";"676-123";"";"S. Felice extra";"BORGO VENEZIA";"EST";"NIDO\nSAN FELICE - BRUCO FELICE";"45.4605834799805";"11.0328644875874";
"00132";"00132";"S. MICHELE ARCANGELO";"045-973929";"";"SC020";"INFANZIA";"TS027";"INFANZIA PRIVATA";"PRIVATO";"VIA VINCENZO MONTI 30";"5418-30";"";"S. Michele centro";"S. MICHELE";"SUD-EST";"INFANZIA\nS. MICHELE ARCANGELO";"45.4358551641667";"11.0411365979905";
"00133";"00133";"COLOMBARE 1 - DEL SOLE 1";"045-918539";"";"SC010";"NIDO";"TS010";"NIDO";"PUBBLICO";"VIA CASTELLO S. FELICE 6";"1935-6";"";"Valdonega";"VALDONEGA";"NORD-OVEST";"NIDO\nCOLOMBARE 1 - DEL SOLE 1";"45.4540451023878";"11.0053102848982";
"00134";"00134";"PINDEMONTE - IL PAESE DELLA FANTASIA";"045-918315";"";"SC010";"NIDO";"TS010";"NIDO";"PUBBLICO";"VIA CARSO 13";"1823-13";"";"Ponte Crencano - Est";"PONTE CRENCANO";"NORD-OVEST";"NIDO\nPINDEMONTE - IL PAESE DELLA FANTASIA";"45.4602100966693";"10.9862885476248";
"00135";"00135";"BORGO NUOVO - L'ALBERO VERDE";"045-8102898";"";"SC010";"NIDO";"TS010";"NIDO";"PUBBLICO";"VIA TRAPANI 14";"9338-14";"";"Borgo Nuovo";"BORGO MILANO";"OVEST";"NIDO\nBORGO NUOVO - L'ALBERO VERDE";"45.450135164495";"10.9572905491593";
"00136";"00136";"STADIO - IL GIRASOLE";"045-565548";"";"SC010";"NIDO";"TS010";"NIDO";"PUBBLICO";"VIA DON L. STURZO 16";"9001-16";"";"Spiana`";"BORGO MILANO";"OVEST";"NIDO\nSTADIO - IL GIRASOLE";"45.4380512277076";"10.9664447967416";
"00137";"00137";"SAN MASSIMO - IL QUADRIFOGLIO";"045-8903100";"";"SC010";"NIDO";"TS010";"NIDO";"PUBBLICO";"VIA SANT'EUPREPIO 3";"7580-3";"";"S. Massimo - Centro";"S. MASSIMO";"OVEST";"NIDO\nSAN MASSIMO - IL QUADRIFOGLIO";"45.4429475598812";"10.9443825074434";
"00138";"00138";"GOLOSINE - IL CUCCIOLO";"045-581684";"";"SC010";"NIDO";"TS010";"NIDO";"PUBBLICO";"VIA BACCHIGLIONE 12";"425-12";"";"Golosine - Sud";"GOLOSINE";"SUD-OVEST";"NIDO\nGOLOSINE - IL CUCCIOLO";"45.4161163536266";"10.9661029942266";
"00139";"00139";"BORGO ROMA - LA COCCINELLA";"045-500404";"";"SC010";"NIDO";"TS010";"NIDO";"PUBBLICO";"VIA CENTRO 207";"2118-207";"";"Tomba";"BORGO ROMA";"SUD";"NIDO\nBORGO ROMA - LA COCCINELLA";"45.4075399561078";"10.9858333834013";
"00140";"00140";"PORTA VESCOVO - POLLICINO 1";"045-596697";"";"SC010";"NIDO";"TS010";"NIDO";"PUBBLICO";"VICOLO MADONNINA 10";"4573-10";"";"S. Paolo";"VERONETTA";"CENTRO STORICO";"NIDO\nPORTA VESCOVO - POLLICINO 1";"45.4388473112668";"11.0137257255383";
"00141";"00141";"SAN BERNARDINO - LA FIABA";"045-8000824";"";"SC010";"NIDO";"TS010";"NIDO";"PUBBLICO";"VIA CARLO PISACANE 6";"6306-6";"";"S. Bernardino";"S. ZENO";"CENTRO STORICO";"NIDO\nSAN BERNARDINO - LA FIABA";"45.437516623873";"10.9799699616164";
"00142";"00142";"BANCHETTE - ARCOBALENO";"045-976700";"";"SC010";"NIDO";"TS010";"NIDO";"PUBBLICO";"VIA FELICE CASORATI 45";"1908-45";"";"Borgo Trieste";"BORGO VENEZIA";"EST";"NIDO\nBANCHETTE - ARCOBALENO";"45.4439510631183";"11.0320279034012";
"00143";"00143";"AZIENDALE - LA PIUMA";"045-8079675";"";"SC010";"NIDO";"TS010";"NIDO";"PUBBLICO";"VIA DON G. BERTONI 8";"759-8";"";"Pontiere";"CITTADELLA";"CENTRO STORICO";"NIDO\nAZIENDALE - LA PIUMA";"45.4338269208749";"10.9936982620516";
"00144";"00144";"SAN MICHELE EXTRA - L'AQUILONE 1";"045-972387";"";"SC010";"NIDO";"TS010";"NIDO";"PUBBLICO";"VIA E. GALLIZIOLI 4";"3850-4";"";"Frugose";"S. MICHELE";"SUD-EST";"NIDO\nSAN MICHELE EXTRA - L'AQUILONE 1";"45.4352538952808";"11.0519213493249";
"00145";"00145";"SANTA LUCIA - LA FILASTROCCA";"045-8620757";"";"SC010";"NIDO";"TS010";"NIDO";"PUBBLICO";"SALITA S. LUCIA 21";"7866-21";"";"S. Lucia - zona orig.";"S. LUCIA";"SUD-OVEST";"NIDO\nSANTA LUCIA - LA FILASTROCCA";"45.4225229238165";"10.9615336822297";
"00146";"00146";"PONTE FLORIO - IL GIROTONDO";"045-8840662";"";"SC010";"NIDO";"TS010";"NIDO";"PUBBLICO";"VIA PONTE FLORIO 8";"6501-8";"";"Ponte Florio";"MONTORIO";"NORD-EST";"NIDO\nPONTE FLORIO - IL GIROTONDO";"45.4522759946898";"11.0497735567669";
"00148";"00148";"SANTA CROCE - IL PICCOLO PRINCIPE";"045-523036";"";"SC010";"NIDO";"TS010";"NIDO";"PUBBLICO";"VIA TURANDOT 4A";"9418-4A";"";"S. Croce";"BORGO VENEZIA";"EST";"NIDO\nSANTA CROCE - IL PICCOLO PRINCIPE";"45.4513022462481";"11.0312256231871";
"00149";"00149";"BORGO PRIMO MAGGIO - IL MAGGIOCIONDOLO";"045-8202808";"";"SC010";"NIDO";"TS010";"NIDO";"PUBBLICO";"VIA DI TEODOLINDA 3";"9090-3";"";"Polidore";"BORGO ROMA";"SUD";"NIDO\nBORGO PRIMO MAGGIO - IL MAGGIOCIONDOLO";"45.4059904141286";"10.9972241576658";
"00150";"00150";"VINCENTI - L'AQUILONE 2";"045-8400464";"";"SC010";"NIDO";"TS010";"NIDO";"PUBBLICO";"VIA LUIGI LUZZATTI 2";"4531-2";"";"Biondella";"BORGO VENEZIA";"EST";"NIDO\nVINCENTI - L'AQUILONE 2";"45.4425198858995";"11.015316505551";
"00152";"00152";"LO SCARABOCCHIO";"045-942512";"";"SC010";"NIDO";"TS010";"NIDO";"PRIVATO";"VIA ANTONIO MILANI 14";"5052-14";"";"Parona";"PARONA";"NORD-OVEST";"NIDO\nLO SCARABOCCHIO";"45.4803924048979";"10.941893382634";
"00153";"00153";"GARBINI";"0458010908";"";"SC010";"NIDO";"TS010";"NIDO";"PUBBLICO";"PIAZZETTA S. MARIA IN ORGANO 1";"7932-1";"";"Veronetta - centro";"VERONETTA";"CENTRO STORICO";"NIDO\nGARBINI";"45.4444983650083";"11.0042418033124";
"00154";"00154";"PESTRINO";"045-503212";"";"SC010";"NIDO";"TS010";"NIDO";"PUBBLICO";"VICOLO PESTRINO 7";"6204-7";"";"Pestrino";"BORGO ROMA";"SUD";"NIDO\nPESTRINO";"45.4170045598407";"11.0012891116251";
"00155";"00155";"I COLORI DELLA MUSICA";"045-562025";"";"SC010";"NIDO";"TS010";"NIDO";"PRIVATO";"VIA PUGLIE 22";"6827-22";"";"Chievo";"BORGO MILANO";"OVEST";"NIDO\nI COLORI DELLA MUSICA";"45.4560463220095";"10.948413678298";
"00156";"00156";"PORTO SAN PANCRAZIO - IL PORTO DEI PICCOLI";"045-521260";"";"SC010";"NIDO";"TS010";"NIDO";"PUBBLICO";"VIA G. MARCONCINI 3";"4723-3";"";"Porto S. Pancrazio - Centro";"PORTO S. PANCRAZIO";"SUD-EST";"NIDO\nPORTO SAN PANCRAZIO - IL PORTO DEI PICCOLI";"45.4328682530727";"11.0182431559132";
"00157";"00157";"LA PERLA";"045-8104952";"";"SC010";"NIDO";"TS010";"NIDO";"PRIVATO";"VIA PRIMA TRAVERSA SPIANA' 2";"8861-2";"";"Stadio";"BORGO MILANO";"OVEST";"NIDO\nLA PERLA";"45.4315838501746";"10.969180219612";
"00158";"00158";"baby Ateneo - Universita'";"0458425325";"";"SC010";"NIDO";"TS010";"NIDO";"PRIVATO";"VIA DELL'ARTIGLIERE 1";"349-1";"";"S. Paolo";"VERONETTA";"CENTRO STORICO";"NIDO\nbaby Ateneo - Universita'";"45.4387175281691";"11.0042388420547";
"00159";"00159";"E. MENEGHETTI";"045/501332";"";"SC040";"SEC. I GRADO";"TS040";"SEC. I GRADO";"PUBBLICO";"VIA B. GIULIARI 40";"4065-40";"";"I^ Maggio";"BORGO ROMA";"SUD";"SEC. I GRADO\nE. MENEGHETTI";"45.4091553977238";"10.993944385957";
"00160";"00160";"PALAZZINA";"045/8266009";"";"SC040";"SEC. I GRADO";"TS040";"SEC. I GRADO";"PUBBLICO";"VIA PALAZZINA 222";"5900-222";"";"Palazzina";"BORGO ROMA";"SUD";"SEC. I GRADO\nPALAZZINA";"45.4024704113999";"11.0157079592844";
"00161";"00161";"PARONA";"045/941245";"";"SC040";"SEC. I GRADO";"TS040";"SEC. I GRADO";"PUBBLICO";"LARGO STAZIONE VECCHIA 18";"8941-18";"";"Parona";"PARONA";"NORD-OVEST";"SEC. I GRADO\nPARONA";"45.4788782124205";"10.9467889115101";
"00162";"00162";"AGOSTINI";"045/8006833";"045/8000079";"SC030";"PRIMARIA";"TS030";"PRIMARIA";"PARITARIA";"VIA MURO PADRI 20";"5564-20";"";"Veronetta - centro";"VERONETTA";"CENTRO STORICO";"PRIMARIA\nAGOSTINI";"45.4418227339717";"11.0073550247838";
"00163";"00163";"ALEARDI";"045/8006683";"";"SC030";"PRIMARIA";"TS030";"PRIMARIA";"PARITARIA";"VIA G. SEGANTINI 20";"8521-20";"";"Porta Nuova";"BORGO MILANO";"OVEST";"PRIMARIA\nALEARDI";"45.4286452773663";"10.9711248663772";
"00164";"00164";"ALLE STIMATE";"045/8006662";"";"SC030";"PRIMARIA";"TS030";"PRIMARIA";"PARITARIA";"VIA C. MONTANARI 1";"5197-1";"";"Pontiere";"CITTADELLA";"CENTRO STORICO";"PRIMARIA\nALLE STIMATE";"45.4356923905008";"10.9933125268466";
"00165";"00165";"BRAIDA";"045/916009";"";"SC030";"PRIMARIA";"TS030";"PRIMARIA";"PARITARIA";"VIA DEGLI ASI 21";"359-21";"";"Avesa - Centro";"AVESA";"NORD-OVEST";"PRIMARIA\nBRAIDA";"45.4708066854914";"10.9874022657304";
"00166";"00166";"CAMPOSTRINI";"045/8670611";"";"SC030";"PRIMARIA";"TS030";"PRIMARIA";"PARITARIA";"PIAZZETTA S. MARIA IN ORGANO 2";"7932-2";"";"Veronetta - centro";"VERONETTA";"CENTRO STORICO";"PRIMARIA\nCAMPOSTRINI";"45.4441540999488";"11.0043478885746";
"00167";"00167";"CAMPOSTRINI-MONTORIO";"045/557106";"";"SC030";"PRIMARIA";"TS030";"PRIMARIA";"PARITARIA";"VIA OLIVE' 99";"5768-99";"";"Olive`";"MONTORIO";"NORD-EST";"PRIMARIA\nCAMPOSTRINI-MONTORIO";"45.4687272621219";"11.0685859990931";
"00168";"00168";"DE VEDRUNA";"045/8348470";"";"SC030";"PRIMARIA";"TS030";"PRIMARIA";"PARITARIA";"VIA CALATAFIMI 12";"1377-12";"";"Arsenale";"BORGO TRENTO";"NORD-OVEST";"PRIMARIA\nDE VEDRUNA";"45.4465100885948";"10.9845653695015";
"00169";"00169";"DON BOSCO";"045/8070711";"";"SC030";"PRIMARIA";"TS030";"PRIMARIA";"PARITARIA";"STRADONE A. PROVOLO 16";"6818-16";"";"S. Bernardino";"S. ZENO";"CENTRO STORICO";"PRIMARIA\nDON BOSCO";"45.4391209159882";"10.9845606297138";
"00170";"00170";"GAVIA";"045/917821";"";"SC030";"PRIMARIA";"TS030";"PRIMARIA";"PARITARIA";"VIA UGO FOSCOLO 31";"3705-31";"";"Borgo Milano - Centro";"BORGO MILANO";"OVEST";"PRIMARIA\nGAVIA";"45.4419836737762";"10.9679113514528";
"00171";"00171";"GRESNER";"045/8000015";"";"SC030";"PRIMARIA";"TS030";"PRIMARIA";"PARITARIA";"STRADONE A. PROVOLO 43";"6818-43";"";"S. Bernardino";"S. ZENO";"CENTRO STORICO";"PRIMARIA\nGRESNER";"45.4388189222382";"10.9835326177185";
"00172";"00172";"LEONARDI-FIGLIE DI GESU'";"045/8003894";"";"SC030";"PRIMARIA";"TS030";"PRIMARIA";"PARITARIA";"VIA S. COSIMO 3";"7506-3";"";"Citta` Antica";"CITTA' ANTICA";"CENTRO STORICO";"PRIMARIA\nLEONARDI-FIGLIE DI GESU'";"45.4397434915973";"10.9977294116109";
"00173";"00173";"PROVOLO par";"045/563127";"";"SC030";"PRIMARIA";"TS030";"PRIMARIA";"PARITARIA";"VIA AEROPORTO A. BERARDI 9";"95-9";"";"Chievo";"BORGO MILANO";"OVEST";"PRIMARIA\nPROVOLO par";"45.4566720089828";"10.9500051740814";
"00174";"00174";"SAN GIUSEPPE (via Bolzano)";"045/500398";"";"SC030";"PRIMARIA";"TS030";"PRIMARIA";"PARITARIA";"VIA BOLZANO 1";"904-1";"";"Tombetta";"BORGO ROMA";"SUD";"PRIMARIA\nSAN GIUSEPPE (via Bolzano)";"45.4166384302116";"10.9873486868629";
"00175";"00175";"SAN GIUSEPPE (via Salgari)";"045/522558";"";"SC030";"PRIMARIA";"TS030";"PRIMARIA";"PARITARIA";"VIA EMILIO SALGARI 17";"7297-17";"";"Borgo Venezia - Centro";"BORGO VENEZIA";"EST";"PRIMARIA\nSAN GIUSEPPE (via Salgari)";"45.4430478140101";"11.0210050524135";
"00176";"00176";"SACRA FAMIGLIA";"045/8185611";"";"SC030";"PRIMARIA";"TS030";"PRIMARIA";"PARITARIA";"VIA G. NASCIMBENI 10";"5603-10";"";"Porta Nuova";"BORGO MILANO";"OVEST";"PRIMARIA\nSACRA FAMIGLIA";"45.4298422152899";"10.9781163826181";
"00177";"00177";"SEGHETTI";"045/8006842";"";"SC030";"PRIMARIA";"TS030";"PRIMARIA";"PARITARIA";"PIAZZA CITTADELLA 10";"2321-10";"";"Pontiere";"CITTADELLA";"CENTRO STORICO";"PRIMARIA\nSEGHETTI";"45.4361940512221";"10.9925583356785";
"00178";"00178";"SERENELLI - ASILI APORTIANI";"0458002709";"";"SC030";"PRIMARIA";"TS030";"PRIMARIA";"PARITARIA";"PIAZZA BROILO 4";"1185-4";"";"Citta` Antica";"CITTA' ANTICA";"CENTRO STORICO";"PRIMARIA\nSERENELLI - ASILI APORTIANI";"45.4475909551876";"10.9988812744791";
"00179";"00179";"VIRGO CARMELI";"045/500465";"";"SC030";"PRIMARIA";"TS030";"PRIMARIA";"PARITARIA";"VIA CARLO ALBERTO 26";"1760-26";"";"Golosine - Nord";"GOLOSINE";"SUD-OVEST";"PRIMARIA\nVIRGO CARMELI";"45.4187994247109";"10.9701780227087";
"00180";"00180";"ALEARDI sec. 1";"045/578200";"";"SC040";"SEC. I GRADO";"TS040";"SEC. I GRADO";"PARITARIA";"VIA G. SEGANTINI 20";"8521-20";"";"Porta Nuova";"BORGO MILANO";"OVEST";"SEC. I GRADO\nALEARDI sec. 1";"45.4286452773663";"10.9711248663772";
"00181";"00181";"ALLE STIMATE sec. 1";"045/8006662";"";"SC040";"SEC. I GRADO";"TS040";"SEC. I GRADO";"PARITARIA";"VIA C. MONTANARI 1";"5197-1";"";"Pontiere";"CITTADELLA";"CENTRO STORICO";"SEC. I GRADO\nALLE STIMATE sec. 1";"45.4356923905008";"10.9933125268466";
"00182";"00182";"BRAIDA sec. 1";"045/916009";"";"SC040";"SEC. I GRADO";"TS040";"SEC. I GRADO";"PARITARIA";"VIA DEGLI ASI 21";"359-21";"";"Avesa - Centro";"AVESA";"NORD-OVEST";"SEC. I GRADO\nBRAIDA sec. 1";"45.4708066854914";"10.9874022657304";
"00183";"00183";"CAMPOSTRINI sec. 1";"045/8670611";"";"SC040";"SEC. I GRADO";"TS040";"SEC. I GRADO";"PARITARIA";"PIAZZETTA S. MARIA IN ORGANO 2";"7932-2";"";"Veronetta - centro";"VERONETTA";"CENTRO STORICO";"SEC. I GRADO\nCAMPOSTRINI sec. 1";"45.4441540999488";"11.0043478885746";
"00184";"00184";"CARLO PERUCCI";"045/550018";"";"SC040";"SEC. I GRADO";"TS040";"SEC. I GRADO";"PARITARIA";"VIA ARE COLTRI 3";"295-3";"";"Marzana";"QUINTO";"NORD-EST";"SEC. I GRADO\nCARLO PERUCCI";"45.5032028302089";"11.0132031591396";
"00185";"00185";"SACRA FAMIGLIA sec. 1";"045/8185611";"";"SC040";"SEC. I GRADO";"TS040";"SEC. I GRADO";"PARITARIA";"VIA G. NASCIMBENI 10";"5603-10";"";"Porta Nuova";"BORGO MILANO";"OVEST";"SEC. I GRADO\nSACRA FAMIGLIA sec. 1";"45.4298422152899";"10.9781163826181";
"00186";"00186";"DE VEDRUNA sec. 1";"045/8348470";"";"SC040";"SEC. I GRADO";"TS040";"SEC. I GRADO";"PARITARIA";"VIA CALATAFIMI 12";"1377-12";"";"Arsenale";"BORGO TRENTO";"NORD-OVEST";"SEC. I GRADO\nDE VEDRUNA sec. 1";"45.4465100885948";"10.9845653695015";
"00187";"00187";"DON BOSCO sec. 1";"045/8070711";"";"SC040";"SEC. I GRADO";"TS040";"SEC. I GRADO";"PARITARIA";"STRADONE A. PROVOLO 16";"6818-16";"";"S. Bernardino";"S. ZENO";"CENTRO STORICO";"SEC. I GRADO\nDON BOSCO sec. 1";"45.4391209159882";"10.9845606297138";
"00188";"00188";"DON NICOLA MAZZA";"045/8345700";"";"SC040";"SEC. I GRADO";"TS040";"SEC. I GRADO";"PARITARIA";"VIA S. CARLO 5";"7450-5";"";"S. Stefano";"VERONETTA";"CENTRO STORICO";"SEC. I GRADO\nDON NICOLA MAZZA";"45.4492851995192";"11.0010163843218";
"00189";"00189";"SEGHETTI sec. 1";"045/8001433";"";"SC040";"SEC. I GRADO";"TS040";"SEC. I GRADO";"PARITARIA";"PIAZZA CITTADELLA 10";"2321-10";"";"Pontiere";"CITTADELLA";"CENTRO STORICO";"SEC. I GRADO\nSEGHETTI sec. 1";"45.4361940512221";"10.9925583356785";
"00190";"00190";"FIGLIE DI GESU'";"045/8003894";"";"SC040";"SEC. I GRADO";"TS040";"SEC. I GRADO";"PARITARIA";"VIA S. COSIMO 3";"7506-3";"";"Citta` Antica";"CITTA' ANTICA";"CENTRO STORICO";"SEC. I GRADO\nFIGLIE DI GESU'";"45.4397434915973";"10.9977294116109";
"00191";"00191";"GIBERTI";"045/8399618";"";"SC040";"SEC. I GRADO";"TS040";"SEC. I GRADO";"PARITARIA";"VIA BARTOLOMEO BACILIERI 1";"433-1";"";"S. Massimo - Centro";"S. MASSIMO";"OVEST";"SEC. I GRADO\nGIBERTI";"45.4396922525351";"10.9292859540686";
"00192";"00192";"GAVIA sec. 1";"045/917821";"";"SC040";"SEC. I GRADO";"TS040";"SEC. I GRADO";"PARITARIA";"VIALE DEI COLLI 27";"2365-27";"";"S. Mattia";"VALDONEGA";"NORD-OVEST";"SEC. I GRADO\nGAVIA sec. 1";"45.4568330716292";"10.9957295692442";
"00193";"00193";"LAVINIA MONDIN";"045/8034094";"";"SC040";"SEC. I GRADO";"TS040";"SEC. I GRADO";"PARITARIA";"VIA DELLA VALVERDE 19";"9541-19";"";"Valverde";"CITTADELLA";"CENTRO STORICO";"SEC. I GRADO\nLAVINIA MONDIN";"45.434866618789";"10.9879994752372";
"00194";"00194";"SAN GIUSEPPE sec. 1";"045/500398";"";"SC040";"SEC. I GRADO";"TS040";"SEC. I GRADO";"PARITARIA";"VIA BOLZANO 1";"904-1";"";"Tombetta";"BORGO ROMA";"SUD";"SEC. I GRADO\nSAN GIUSEPPE sec. 1";"45.4166384302116";"10.9873486868629";
"00195";"00195";"SANTA TERESA";"045/505369";"";"SC040";"SEC. I GRADO";"TS040";"SEC. I GRADO";"PARITARIA";"VIA VOLTURNO 1";"9880-1";"";"Tombetta";"BORGO ROMA";"SUD";"SEC. I GRADO\nSANTA TERESA";"45.4178165434788";"10.9861514152943";
"00197";"00197";"ALLE STIMATE sec. 2";"045/8006662";"";"SC050";"SEC. II GRADO";"TS050";"SEC. II GRADO";"PARITARIA";"VIA C. MONTANARI 1";"5197-1";"";"Pontiere";"CITTADELLA";"CENTRO STORICO";"SEC. II GRADO\nALLE STIMATE sec. 2";"45.4356923905008";"10.9933125268466";
"00198";"00198";"BON BRENZONI";"045/8006169";"";"SC050";"SEC. II GRADO";"TS050";"SEC. II GRADO";"PARITARIA";"VIA VENTI SETTEMBRE 19";"9631-19";"";"Veronetta - centro";"VERONETTA";"CENTRO STORICO";"SEC. II GRADO\nBON BRENZONI";"45.43942588067";"11.0060915386896";
"00199";"00199";"CAMPOSTRINI sec. 2";"045/8670611";"";"SC050";"SEC. II GRADO";"TS050";"SEC. II GRADO";"PARITARIA";"VIA S. MARIA IN ORGANO 2";"7938-2";"";"Veronetta - centro";"VERONETTA";"CENTRO STORICO";"SEC. II GRADO\nCAMPOSTRINI sec. 2";"45.4437842722821";"11.0056740852117";
"00200";"00200";"SACRA FAMIGLIA sec. 2";"045/8185611";"";"SC050";"SEC. II GRADO";"TS050";"SEC. II GRADO";"PARITARIA";"VIA G. NASCIMBENI 10";"5603-10";"";"Porta Nuova";"BORGO MILANO";"OVEST";"SEC. II GRADO\nSACRA FAMIGLIA sec. 2";"45.4298422152899";"10.9781163826181";
"00201";"00201";"DON BOSCO sec. 2";"045/8070711";"";"SC050";"SEC. II GRADO";"TS050";"SEC. II GRADO";"PARITARIA";"STRADONE A. PROVOLO 16";"6818-16";"";"S. Bernardino";"S. ZENO";"CENTRO STORICO";"SEC. II GRADO\nDON BOSCO sec. 2";"45.4391209159882";"10.9845606297138";
"00202";"00202";"DON MAZZA sec. 2";"045/8345700";"";"SC050";"SEC. II GRADO";"TS050";"SEC. II GRADO";"PARITARIA";"VIA S. CARLO 5";"7450-5";"";"S. Stefano";"VERONETTA";"CENTRO STORICO";"SEC. II GRADO\nDON MAZZA sec. 2";"45.4492851995192";"11.0010163843218";
"00203";"00203";"GIBERTI sec. 2";"045/8399618";"";"SC050";"SEC. II GRADO";"TS050";"SEC. II GRADO";"PARITARIA";"VIA BARTOLOMEO BACILIERI 1";"433-1";"";"S. Massimo - Centro";"S. MASSIMO";"OVEST";"SEC. II GRADO\nGIBERTI sec. 2";"45.4396922525351";"10.9292859540686";
"00204";"00204";"L. DA VINCI";"045/973939";"";"SC050";"SEC. II GRADO";"TS050";"SEC. II GRADO";"PARITARIA";"VIA G.  BELLUZZO 2";"664-2";"";"Frugose";"S. MICHELE";"SUD-EST";"SEC. II GRADO\nL. DA VINCI";"45.4334585853448";"11.0463199332112";
"00205";"00205";"LAVINIA MONDIN sec. 2";"045/8034094";"";"SC050";"SEC. II GRADO";"TS050";"SEC. II GRADO";"PARITARIA";"VIA DELLA VALVERDE 19";"9541-19";"";"Valverde";"CITTADELLA";"CENTRO STORICO";"SEC. II GRADO\nLAVINIA MONDIN sec. 2";"45.434866618789";"10.9879994752372";
"00206";"00206";"M. BUONARROTI";"045/8005982";"";"SC050";"SEC. II GRADO";"TS050";"SEC. II GRADO";"PARITARIA";"VIA A. ROSMINI 6";"7186-6";"";"S. Bernardino";"S. ZENO";"CENTRO STORICO";"SEC. II GRADO\nM. BUONARROTI";"45.4392972675547";"10.9819810704996";
"00207";"00207";"SAN GIUSEPPE sec. 2";"";"";"SC050";"SEC. II GRADO";"TS050";"SEC. II GRADO";"PARITARIA";"VIA BOLZANO 1";"904-1";"";"Tombetta";"BORGO ROMA";"SUD";"SEC. II GRADO\nSAN GIUSEPPE sec. 2";"45.4166384302116";"10.9873486868629";
"00208";"00208";"ROMANO GUARDINI";"045/912666";"";"SC050";"SEC. II GRADO";"TS050";"SEC. II GRADO";"PARITARIA";"LUNGADIGE ATTIRAGLIO 45";"386-45";"";"Saval di Quinzano";"QUINZANO";"NORD-OVEST";"SEC. II GRADO\nROMANO GUARDINI";"45.4592381488663";"10.9564145069605";
"00209";"00209";"SAN CARLO";"045/8347862";"";"SC050";"SEC. II GRADO";"TS050";"SEC. II GRADO";"PARITARIA";"VIA VILLA 12";"9739-12";"";"Quinzano - Centro";"QUINZANO";"NORD-OVEST";"SEC. II GRADO\nSAN CARLO";"45.4649174469891";"10.9782210444858";
"00210";"00210";"SAN ZENO";"045/8070111";"";"SC050";"SEC. II GRADO";"TS050";"SEC. II GRADO";"PARITARIA";"VIA DON GIOVANNI MINZONI 50";"5084-50";"";"Spiana`";"BORGO MILANO";"OVEST";"SEC. II GRADO\nSAN ZENO";"45.443524519723";"10.9550179199061";
"00211";"00211";"SEGHETTI sec. 2";"045/8006842";"";"SC050";"SEC. II GRADO";"TS050";"SEC. II GRADO";"PARITARIA";"PIAZZA CITTADELLA 10";"2321-10";"";"Pontiere";"CITTADELLA";"CENTRO STORICO";"SEC. II GRADO\nSEGHETTI sec. 2";"45.4361940512221";"10.9925583356785";
"00212";"00212";"AGLI ANGELI";"045/800357";"";"SC030";"PRIMARIA";"TS030";"PRIMARIA";"PUBBLICO";"VIA C. BATTISTI 8";"605-8";"";"Pontiere";"CITTADELLA";"CENTRO STORICO";"PRIMARIA\nAGLI ANGELI";"45.4344548758388";"10.9913309649105";
"00213";"00213";"AGLI ANGELI sec. 1";"045/8006668";"";"SC040";"SEC. I GRADO";"TS040";"SEC. I GRADO";"PUBBLICO";"VIA C. BATTISTI 8";"605-8";"";"Pontiere";"CITTADELLA";"CENTRO STORICO";"SEC. I GRADO\nAGLI ANGELI sec. 1";"45.4344548758388";"10.9913309649105";
"00214";"00214";"AGLI ANGELI sec. 2";"045/8006668";"";"SC050";"SEC. II GRADO";"TS050";"SEC. II GRADO";"PUBBLICO";"VIA C. BATTISTI 8";"605-8";"";"Pontiere";"CITTADELLA";"CENTRO STORICO";"SEC. II GRADO\nAGLI ANGELI sec. 2";"45.4344548758388";"10.9913309649105";
"00216";"00216";"BERTI";"045/569443";"";"SC050";"SEC. II GRADO";"TS050";"SEC. II GRADO";"PUBBLICO";"VIA AEROPORTO A. BERARDI 51";"95-51";"";"Chievo";"BORGO MILANO";"OVEST";"SEC. II GRADO\nBERTI";"45.4595451163358";"10.94253435073";
"00217";"00217";"BOCCIONI";"045/569548";"";"SC050";"SEC. II GRADO";"TS050";"SEC. II GRADO";"PUBBLICO";"VIA DELLE COSTE 6";"2580-6";"";"Porta Nuova";"BORGO MILANO";"OVEST";"SEC. II GRADO\nBOCCIONI";"45.4289397060403";"10.9766654758223";
"00218";"00218";"CANGRANDE DELLA SCALA";"045/8011462";"";"SC050";"SEC. II GRADO";"TS050";"SEC. II GRADO";"PUBBLICO";"CORSO PORTA NUOVA 66";"6587-66";"";"Valverde";"CITTADELLA";"CENTRO STORICO";"SEC. II GRADO\nCANGRANDE DELLA SCALA";"45.4334056188417";"10.9887556362578";
"00219";"00219";"EINAUDI";"045/501110";"";"SC050";"SEC. II GRADO";"TS050";"SEC. II GRADO";"PUBBLICO";"VIA S. GIACOMO 13";"7723-13";"";"I^ Maggio";"BORGO ROMA";"SUD";"SEC. II GRADO\nEINAUDI";"45.4090853428509";"10.9896877858247";
"00220";"00220";"FERMI";"045/567144";"";"SC050";"SEC. II GRADO";"TS050";"SEC. II GRADO";"PUBBLICO";"PIAZZALE R. GUARDINI 2";"4140-2";"";"Porta Nuova";"BORGO MILANO";"OVEST";"SEC. II GRADO\nFERMI";"45.4283226460375";"10.9726325566262";
"00221";"00221";"FERRARIS";"045/595855";"";"SC050";"SEC. II GRADO";"TS050";"SEC. II GRADO";"PUBBLICO";"VIA DEL PONTIERE 40";"6561-40";"";"Pontiere";"CITTADELLA";"CENTRO STORICO";"SEC. II GRADO\nFERRARIS";"45.4334668505439";"10.9960287281092";
"00222";"00222";"FRACASTORO";"045/8348772";"";"SC050";"SEC. II GRADO";"TS050";"SEC. II GRADO";"PUBBLICO";"VIA G.B. MOSCHINI 11A";"5514-11A";"";"S. Stefano";"VERONETTA";"CENTRO STORICO";"SEC. II GRADO\nFRACASTORO";"45.4499852123588";"10.9990482201213";
"00223";"00223";"GALILEI";"045/504850";"";"SC050";"SEC. II GRADO";"TS050";"SEC. II GRADO";"PUBBLICO";"VIA S. GIACOMO 11";"7723-11";"";"I^ Maggio";"BORGO ROMA";"SUD";"SEC. II GRADO\nGALILEI";"45.4097331666813";"10.9894705553164";
"00224";"00224";"GIORGI";"045/8033701";"";"SC050";"SEC. II GRADO";"TS050";"SEC. II GRADO";"PUBBLICO";"VIA F. RISMONDO 10";"7061-10";"";"Veronetta - centro";"VERONETTA";"CENTRO STORICO";"SEC. II GRADO\nGIORGI";"45.4416958500202";"11.0084878698803";
"00225";"00225";"LORGNA-PINDEMONTE";"045/596144";"";"SC050";"SEC. II GRADO";"TS050";"SEC. II GRADO";"PUBBLICO";"CORSO CAVOUR 19";"2074-19";"";"Citta` Antica";"CITTA' ANTICA";"CENTRO STORICO";"SEC. II GRADO\nLORGNA-PINDEMONTE";"45.4409813090393";"10.9916083574118";
"00226";"00226";"MAFFEI";"045/8001904";"";"SC050";"SEC. II GRADO";"TS050";"SEC. II GRADO";"PUBBLICO";"VIA A. MASSALONGO 4";"4830-4";"";"Citta` Antica";"CITTA' ANTICA";"CENTRO STORICO";"SEC. II GRADO\nMAFFEI";"45.4454293376041";"10.9988656530498";
"00227";"00227";"MARCONI";"045/8101428";"";"SC050";"SEC. II GRADO";"TS050";"SEC. II GRADO";"PUBBLICO";"PIAZZALE R. GUARDINI 1";"4140-1";"";"Porta Nuova";"BORGO MILANO";"OVEST";"SEC. II GRADO\nMARCONI";"45.4280822133913";"10.9713611802282";
"00228";"00228";"MARCO POLO";"045/8340752";"";"SC050";"SEC. II GRADO";"TS050";"SEC. II GRADO";"PUBBLICO";"VIA G.B. MOSCHINI 11B";"5514-11B";"";"S. Stefano";"VERONETTA";"CENTRO STORICO";"SEC. II GRADO\nMARCO POLO";"45.4499750939936";"10.999343399543";
"00229";"00229";"MESSEDAGLIA sec. 2";"045/596432";"";"SC050";"SEC. II GRADO";"TS050";"SEC. II GRADO";"PUBBLICO";"VIA DON G. BERTONI 3";"759-3";"";"Pontiere";"CITTADELLA";"CENTRO STORICO";"SEC. II GRADO\nMESSEDAGLIA sec. 2";"45.43485356314";"10.9944419294091";
"00230";"00230";"MONTANARI";"045/8007311";"";"SC050";"SEC. II GRADO";"TS050";"SEC. II GRADO";"PUBBLICO";"VICOLETTO STIMATE 4";"8977-4";"";"Pontiere";"CITTADELLA";"CENTRO STORICO";"SEC. II GRADO\nMONTANARI";"45.4348580920876";"10.9935435749273";
"00231";"00231";"NANI";"045/569548";"";"SC050";"SEC. II GRADO";"TS050";"SEC. II GRADO";"PUBBLICO";"VIA DELLE COSTE 6";"2580-6";"";"Porta Nuova";"BORGO MILANO";"OVEST";"SEC. II GRADO\nNANI";"45.4289397060403";"10.9766654758223";
"00232";"00232";"PASOLI";"045/8920222";"";"SC050";"SEC. II GRADO";"TS050";"SEC. II GRADO";"PUBBLICO";"VIA G.  DALLA CORTE 15";"2730-15";"";"Borgo Trieste";"BORGO VENEZIA";"EST";"SEC. II GRADO\nPASOLI";"45.4422124075542";"11.0320378431876";
"00233";"00233";"SANMICHELI";"045/8003721";"";"SC050";"SEC. II GRADO";"TS050";"SEC. II GRADO";"PUBBLICO";"PIAZZA E. BERNARDI 2";"736-2";"";"Veronetta - centro";"VERONETTA";"CENTRO STORICO";"SEC. II GRADO\nSANMICHELI";"45.4425263482746";"11.0070838462516";
"00254";"00254";"GANDHI";"045/563510";"";"SC040";"SEC. I GRADO";"TS040";"SEC. I GRADO";"PUBBLICO";"VIA SELINUNTE 70";"8563-70";"";"Borgo Nuovo";"BORGO MILANO";"OVEST";"SEC. I GRADO\nGANDHI";"45.4502178177756";"10.953662041598";
"00266";"00266";"A. ALEARDI sec. 2";"045/572800";"045/565600";"SC050";"SEC. II GRADO";"TS050";"SEC. II GRADO";"PARITARIA";"VIA G. SEGANTINI 20";"8521-20";"";"Porta Nuova";"BORGO MILANO";"OVEST";"SEC. II GRADO\nA. ALEARDI sec. 2";"45.4286452773663";"10.9711248663772";
"00267";"00267";"IL CASTELLO DELLE FIABE";"0458922368";"";"SC010";"NIDO";"TS010";"NIDO";"PRIVATO";"VIA S. MICHELE 17";"8000-17";"";"Casermette di Montorio";"MONTORIO";"NORD-EST";"NIDO\nIL CASTELLO DELLE FIABE";"45.4426523639091";"11.0457451411629";
"00268";"00268";"GATTO MIAO 2";"0458621645";"";"SC010";"NIDO";"TS010";"NIDO";"PRIVATO";"VIA FENILON 12G";"3414-12G";"";"Quadrante Nord-Est";"S. LUCIA";"SUD-OVEST";"NIDO\nGATTO MIAO 2";"45.4247527328763";"10.9403043012874";
"00269";"00269";"villa buri";"0458344643";"";"SC010";"NIDO";"TS010";"NIDO";"PRIVATO";"VIA BERNINI BURI 99";"748-99";"";"Molini";"S. MICHELE";"SUD-EST";"NIDO\nvilla buri";"45.4212524087466";"11.0427873114924";
"00277";"00277";"COLOMBARE 2 - DEL SOLE 2";"045918539";"";"SC010";"NIDO";"TS010";"NIDO";"PUBBLICO";"VIA CASTELLO S. FELICE 6";"1935-6";"";"Valdonega";"VALDONEGA";"NORD-OVEST";"NIDO\nCOLOMBARE 2 - DEL SOLE 2";"45.4540451023878";"11.0053102848982";
"00286";"00286";"N. COPERNICO";"045/8921284";"";"SC050";"SEC. II GRADO";"TS050";"SEC. II GRADO";"PUBBLICO";"VIA ANTI CARLO 5";"238-5";"";"Frugose";"S. MICHELE";"SUD-EST";"SEC. II GRADO\nN. COPERNICO";"45.4322086085128";"11.0587511047509";
"00287";"00287";"MASSALONGO-COCCINELLE";"0458007177";"";"SC020";"INFANZIA";"TS025";"INFANZIA STATALE";"PUBBLICO";"VICOLO VETRI 15";"9709-15";"";"Veronetta - centro";"VERONETTA";"CENTRO STORICO";"INFANZIA\nMASSALONGO-COCCINELLE";"45.4395693270025";"11.0059257083543";
"00306";"00306";"gatto miao 1 (chiuso da ottobre 2015)";"0458302409";"";"SC010";"NIDO";"TS010";"NIDO";"PRIVATO";"VIA LUNGOLORI' 18";"4519-18";"";"Avesa - Centro";"AVESA";"NORD-OVEST";"NIDO\ngatto miao 1 (chiuso da ottobre 2015)";"45.4686822573868";"10.9892369962256";
"00330";"00330";"la casa delle fiabe";"045575388";"";"SC010";"NIDO";"TS010";"NIDO";"PRIVATO";"VIA A. SCARSELLINI 33";"8415-33";"";"S. Bernardino";"S. ZENO";"CENTRO STORICO";"NIDO\nla casa delle fiabe";"45.4403122773006";"10.9784487916885";
"00331";"00331";"baby island";"0458036880";"";"SC010";"NIDO";"TS010";"NIDO";"PRIVATO";"VICOLO TORCOLETTO 7A";"9250-7A";"";"Citta` Antica";"CITTA' ANTICA";"CENTRO STORICO";"NIDO\nbaby island";"45.4374296301112";"10.9986313247815";
"00332";"00332";"i coriandoli";"0458002683";"";"SC010";"NIDO";"TS010";"NIDO";"PRIVATO";"ALTO S. NAZARO 1";"8017-1";"";"Veronetta - centro";"VERONETTA";"CENTRO STORICO";"NIDO\ni coriandoli";"45.4422699983235";"11.0096530266216";
"00333";"00333";"primi passi";"0458344643";"";"SC010";"NIDO";"TS010";"NIDO";"PRIVATO";"CORTICELLA S. PAOLO 8";"8048-8";"";"Veronetta - centro";"VERONETTA";"CENTRO STORICO";"NIDO\nprimi passi";"45.4392173567836";"11.0034029609036";
"00334";"00334";"la corte dei bambini";"0458344643";"";"SC010";"NIDO";"TS010";"NIDO";"PRIVATO";"LUNGADIGE ATTIRAGLIO 48";"386-48";"";"Saval di Parona";"PARONA";"NORD-OVEST";"NIDO\nla corte dei bambini";"45.4603320645095";"10.9517635712067";
"00335";"00335";"CA' DI DAVID - IL GIARDINO DEI COLORI";"045540368";"";"SC010";"NIDO";"TS010";"NIDO";"PUBBLICO";"VIA B. COLLEONI 1";"2362-1";"";"Ca` di David - Centro";"CA' DI DAVID";"SUD";"NIDO\nCA' DI DAVID - IL GIARDINO DEI COLORI";"45.3798552961037";"10.9892217161321";
"00336";"00336";"associazione girotondo";"045942277";"";"SC010";"NIDO";"TS010";"NIDO";"PRIVATO";"VIA G. BELTRAMINI 13";"673-13";"";"Parona";"PARONA";"NORD-OVEST";"NIDO\nassociazione girotondo";"45.4811248789614";"10.9417101811878";
"00337";"00337";"favolando";"0452080057";"";"SC010";"NIDO";"TS010";"NIDO";"PRIVATO";"VIALE NINO BIXIO 22A";"856-22A";"";"Arsenale";"BORGO TRENTO";"NORD-OVEST";"NIDO\nfavolando";"45.4506343935872";"10.9895321610509";
"00338";"00338";"LA STANZA DEI COLORI";"0458302711";"";"SC010";"NIDO";"TS010";"NIDO";"PRIVATO";"VIA SANTINI 35";"8270-35";"";"Ponte Crencano - Est";"PONTE CRENCANO";"NORD-OVEST";"NIDO\nLA STANZA DEI COLORI";"45.4611493335197";"10.9819390235675";
"00339";"00339";"APORTI";"";"";"SC020";"INFANZIA";"TS025";"INFANZIA STATALE";"PUBBLICO";"VIA VOLTURNO 20";"9880-20";"";"Tombetta";"BORGO ROMA";"SUD";"INFANZIA\nAPORTI";"45.4165304703972";"10.986472567134";
"00340";"00340";"LA CASA DELLA BEPA";"0458080106";"";"SC010";"NIDO";"TS010";"NIDO";"PRIVATO";"VIA S. BAGANZANI 11";"451-11";"";"Ponte Crencano - Ovest";"PONTE CRENCANO";"NORD-OVEST";"NIDO\nLA CASA DELLA BEPA";"45.4596276998429";"10.9709107197266";
"00341";"00341";"BAMBURE'";"3496828753";"";"SC010";"NIDO";"TS010";"NIDO";"PRIVATO";"VIA PERLOSO 11";"6163-11";"";"Chievo";"BORGO MILANO";"OVEST";"NIDO\nBAMBURE'";"45.4577214997725";"10.9516672207704";
"00342";"00342";"L'ALLEGRO TIPPETE";"0458102754";"";"SC010";"NIDO";"TS010";"NIDO";"PRIVATO";"VIA FRA' GIOCONDO 5";"3744-5";"";"Stadio";"BORGO MILANO";"OVEST";"NIDO\nL'ALLEGRO TIPPETE";"45.4353734683554";"10.9745988309307";
"00343";"00343";"io... grande";"0458901523";"";"SC010";"NIDO";"TS010";"NIDO";"PRIVATO";"VIA CALABRIA 58";"1371-58";"";"S. Massimo - Centro";"S. MASSIMO";"OVEST";"NIDO\nio... grande";"45.4368043309448";"10.9485150118375";
"00344";"00344";"sacra famiglia";"";"";"SC010";"NIDO";"TS010";"NIDO";"PRIVATO";"VIA G. NASCIMBENI 10";"5603-10";"";"Porta Nuova";"BORGO MILANO";"OVEST";"NIDO\nsacra famiglia";"45.4298422152899";"10.9781163826181";
"00345";"00345";"grillo parlante";"0458620335";"";"SC010";"NIDO";"TS010";"NIDO";"PRIVATO";"VIA SESIA 16";"8606-16";"";"Golosine - Sud";"GOLOSINE";"SUD-OVEST";"NIDO\ngrillo parlante";"45.4180514721826";"10.9602471360108";
"00346";"00346";"KIRIKU'";"3387041900";"";"SC010";"NIDO";"TS010";"NIDO";"PRIVATO";"VIA SCUDERLANDO 392";"8470-392";"";"Tomba";"BORGO ROMA";"SUD";"NIDO\nKIRIKU'";"45.4051935837735";"10.9841129565654";
"00347";"00347";"il paese dei balocchi san giovanni evangelista";"045953070";"";"SC010";"NIDO";"TS010";"NIDO";"PRIVATO";"VIA DEL QUADRATO 6";"6832-6";"";"S. Lucia - zona orig.";"S. LUCIA";"SUD-OVEST";"NIDO\nil paese dei balocchi san giovanni evangelista";"45.4187367780688";"10.9562275720618";
"00348";"00348";"RAGGIO DI SOLE";"045-500465";"";"SC010";"NIDO";"TS010";"NIDO";"PRIVATO";"VIA CARLO ALBERTO 26";"1760-26";"";"Golosine - Nord";"GOLOSINE";"SUD-OVEST";"NIDO\nRAGGIO DI SOLE";"45.4187994247109";"10.9701780227087";
"00349";"00349";"ciribiricoccola";"0458213159";"";"SC010";"NIDO";"TS010";"NIDO";"PRIVATO";"VIA SPINETTA MALASPINA 4A";"4633-4A";"";"Polidore";"BORGO ROMA";"SUD";"NIDO\nciribiricoccola";"45.4066849027832";"10.9998357518617";
"00350";"00350";"oasi felice";"0458230813";"";"SC010";"NIDO";"TS010";"NIDO";"PRIVATO";"VIA CONTARINA 11";"2460-11";"";"Palazzina";"BORGO ROMA";"SUD";"NIDO\noasi felice";"45.4032410038903";"11.0117416907";
"00351";"00351";"giocamondo";"0459218111";"";"SC010";"NIDO";"TS010";"NIDO";"PRIVATO";"VIA A. FLEMING 2";"3553-2";"";"Z.A.I. Borgo Roma";"BORGO ROMA";"SUD";"NIDO\ngiocamondo";"45.3996141213443";"10.9831307476452";
"00352";"00352";"piccolo principe principessa iolanda";"045501623";"";"SC010";"NIDO";"TS010";"NIDO";"PRIVATO";"VIA SCUDERLANDO 234";"8470-234";"";"Tomba";"BORGO ROMA";"SUD";"NIDO\npiccolo principe principessa iolanda";"45.4081814916181";"10.9849268588794";
"00353";"00353";"san Gaetano";"0458547005";"";"SC010";"NIDO";"TS010";"NIDO";"PRIVATO";"PIAZZA XXIV FEBBRAIO 1945 5";"9610-5";"";"La Rizza";"BORGO ROMA";"SUD";"NIDO\nsan Gaetano";"45.3729772766931";"10.9454182771063";
"00354";"00354";"a tuttotondo";"0458403536";"";"SC010";"NIDO";"TS010";"NIDO";"PRIVATO";"VIA INNOCENZO FRACCAROLI 12";"3738-12";"";"Borgo Venezia - Centro";"BORGO VENEZIA";"EST";"NIDO\na tuttotondo";"45.4408004620645";"11.0234216819766";
"00355";"00355";"il boschetto";"045526081";"";"SC010";"NIDO";"TS010";"NIDO";"PRIVATO";"VIA BIONDELLA 9";"840-9";"";"Fincato";"BORGO VENEZIA";"EST";"NIDO\nil boschetto";"45.4454459872872";"11.0178440266464";
"00356";"00356";"il sole (aportiane)";"045522558";"";"SC010";"NIDO";"TS010";"NIDO";"PRIVATO";"VIA EMILIO SALGARI 17";"7297-17";"";"Borgo Venezia - Centro";"BORGO VENEZIA";"EST";"NIDO\nil sole (aportiane)";"45.4430478140101";"11.0210050524135";
"00357";"00357";"il fagiolo magico";"0458830011";"";"SC010";"NIDO";"TS010";"NIDO";"PRIVATO";"VIA SASSE 10A";"8300-10A";"";"Casotti";"S. MICHELE";"SUD-EST";"NIDO\nil fagiolo magico";"45.4145900717112";"11.0534861500847";
"00358";"00358";"madonna di campagna";"0458958407";"";"SC010";"NIDO";"TS010";"NIDO";"PRIVATO";"VIA DOLOMITI 13";"3110-13";"";"Madonna di campagna";"S. MICHELE";"SUD-EST";"NIDO\nmadonna di campagna";"45.4297805226125";"11.051547579165";
"00359";"00359";"scuole Aportiane";"0458002709";"";"SC010";"NIDO";"TS010";"NIDO";"PRIVATO";"PIAZZA BROILO 4";"1185-4";"";"Citta` Antica";"CITTA' ANTICA";"CENTRO STORICO";"NIDO\nscuole Aportiane";"45.4475909551876";"10.9988812744791";
"00360";"00360";"regina margherita";"045557229";"";"SC010";"NIDO";"TS010";"NIDO";"PRIVATO";"VIA OLIVE' 2";"5768-2";"";"Montorio - Centro";"MONTORIO";"NORD-EST";"NIDO\nregina margherita";"45.4606172971528";"11.0642565637166";
"00361";"00361";"s. Maria Assunta";"045550229";"";"SC010";"NIDO";"TS010";"NIDO";"PRIVATO";"VIA PANTHEON 12";"5954-12";"";"S. Maria in Stelle - Centro";"S. MARIA IN STELLE";"NORD-EST";"NIDO\ns. Maria Assunta";"45.4968727592902";"11.0355649923042";
"00362";"00362";"piccole tracce";"";"";"SC010";"NIDO";"TS010";"NIDO";"PRIVATO";"VIA VALPANTENA 111";"9523-111";"";"Marzana";"QUINTO";"NORD-EST";"NIDO\npiccole tracce";"45.5008052234006";"11.0169523718081";
"00363";"00363";"i cuccioli";"";"";"SC010";"NIDO";"TS010";"NIDO";"PRIVATO";"STRADELLA FRANCHE 18";"3762-18";"";"Poiano";"QUINTO";"NORD-EST";"NIDO\ni cuccioli";"45.4730150598039";"11.0186822474913";
"00365";"00365";"YUPPI IAIA";"0458302409";"";"SC010";"NIDO";"TS010";"NIDO";"PRIVATO";"VIA LUNGOLORI' 18";"4519-18";"";"Avesa - Centro";"AVESA";"NORD-OVEST";"NIDO\nYUPPI IAIA";"45.4686822573868";"10.9892369962256";
"00366";"00366";"AVESA NIDO INTEGRATO";"0454642933";"3346260235";"SC010";"NIDO";"TS010";"NIDO";"PUBBLICO";"VIA PREMUDA 3";"6794-3";"";"Avesa - Centro";"AVESA";"NORD-OVEST";"NIDO\nAVESA NIDO INTEGRATO";"45.4705094262868";"10.9900821636155";
"00367";"00367";"- TEMPO FAMIGLIA - IL TESORO";"045540015";"3403812297";"SC010";"NIDO";"TS010";"NIDO";"PUBBLICO";"VIA FRANCESCO CARMAGNOLA 34";"1774-34";"";"Ca` di David - Centro";"CA' DI DAVID";"SUD";"NIDO\n- TEMPO FAMIGLIA - IL TESORO";"45.3864698922066";"10.9967099257395";
"00368";"00368";"- TEMPO FAMIGLIA - IL GRANO";"0455116809";"";"SC010";"NIDO";"TS010";"NIDO";"PUBBLICO";"VIA AEROPORTO A. BERARDI 74";"95-74";"";"Chievo";"BORGO MILANO";"OVEST";"NIDO\n- TEMPO FAMIGLIA - IL GRANO";"45.4579589513771";"10.9476916950769";
"00369";"00369";"- TEMPO FAMIGLIA - LA CASETTA DEL PORTO";"045525243";"";"SC010";"NIDO";"TS010";"NIDO";"PUBBLICO";"VIA G. DEAMBROGI 2";"2885-2";"";"Porto S. Pancrazio - Centro";"PORTO S. PANCRAZIO";"SUD-EST";"NIDO\n- TEMPO FAMIGLIA - LA CASETTA DEL PORTO";"45.4337465161131";"11.017687787812";
"00370";"00370";"- TEMPO FAMIGLIA - IL BOCCIOLO";"0458102182";"";"SC010";"NIDO";"TS010";"NIDO";"PUBBLICO";"VIA MARIN FALIERO 79";"3326-79";"";"S. Procolo";"BORGO MILANO";"OVEST";"NIDO\n- TEMPO FAMIGLIA - IL BOCCIOLO";"45.4528501624704";"10.9654254228455";
"00371";"00371";"- TEMPO FAMIGLIA - IL CERCHIO";"3356723392";"";"SC010";"NIDO";"TS010";"NIDO";"PUBBLICO";"VIA CASTELLO S. FELICE 6";"1935-6";"";"Valdonega";"VALDONEGA";"NORD-OVEST";"NIDO\n- TEMPO FAMIGLIA - IL CERCHIO";"45.4540451023878";"11.0053102848982";
